<?xml version="1.0"?>
<doc>
    <assembly>
        <name>Losch.LoschScript.Tools.Logging</name>
    </assembly>
    <members>
        <member name="T:Losch.LoschScript.Tools.Logging.Extensions.DebugWriter">
            <summary>
            Represents a text writer that prints text to the debug output.
            </summary>
        </member>
        <member name="T:Losch.LoschScript.Tools.Logging.Extensions.MultipleOutputWriter">
            <summary>
            Represents a text writer that supports multiple outputs.
            </summary>
        </member>
        <member name="T:Losch.LoschScript.Tools.Logging.Log">
            <summary>
            Provides functionality to write log messages to a specified text writer.
            </summary>
        </member>
        <member name="P:Losch.LoschScript.Tools.Logging.Log.Logger">
            <summary>
            The output text writer for all log messages.
            </summary>
        </member>
        <member name="P:Losch.LoschScript.Tools.Logging.Log.MessageTemplate">
            <summary>
            The output text format for all log messages.
            </summary>
        </member>
        <member name="P:Losch.LoschScript.Tools.Logging.Log.LoggerName">
            <summary>
            
            </summary>
        </member>
        <member name="M:Losch.LoschScript.Tools.Logging.Log.Debug(System.String)">
            <summary>
            Writes a log message with the level "Debug" to the log.
            </summary>
            <param name="message">The message to write to the log.</param>
        </member>
        <member name="M:Losch.LoschScript.Tools.Logging.Log.Debug(System.String,System.Object[])">
            <summary>
            Formats the specified string and writes a log message with the level "Debug" to the log.
            </summary>
            <param name="format">The message string to be formatted.</param>
            <param name="args">The arguments of the formatted string.</param>
        </member>
        <member name="M:Losch.LoschScript.Tools.Logging.Log.Write(System.String,Losch.LoschScript.Tools.Logging.LogLevel)">
            <summary>
            Writes a message to the log.
            </summary>
            <param name="message">The message string.</param>
            <param name="level">The level of the log message.</param>
        </member>
        <member name="M:Losch.LoschScript.Tools.Logging.Log.Write(Losch.LoschScript.Tools.Logging.LogLevel,System.String,System.Object[])">
            <summary>
            Formats the specified string and writes a message to the log.
            </summary>
            <param name="level">The level of the log message.</param>
            <param name="format">The message string to be formatted.</param>
            <param name="args">The arguments of the formatted string.</param>
        </member>
        <member name="M:Losch.LoschScript.Tools.Logging.Log.Write(System.String,System.Object[])">
            <summary>
            Formats the specified string and writes a message with the level "Information" to the log.
            </summary>
            <param name="format">The message string to be formatted.</param>
            <param name="args">The arguments of the formatted string.</param>
        </member>
        <member name="M:Losch.LoschScript.Tools.Logging.Log.Write(System.Exception,Losch.LoschScript.Tools.Logging.LogLevel)">
            <summary>
            Writes an exception message to the log.
            </summary>
            <param name="ex">The exception of the message.</param>
            <param name="level">The level of the log message.</param>
        </member>
        <member name="M:Losch.LoschScript.Tools.Logging.Log.Write(System.ValueTuple{System.String,Losch.LoschScript.Tools.Logging.LogLevel})">
            <summary>
            Writes a message to the log.
            </summary>
            <param name="message">The message to write to the log.</param>
        </member>
        <member name="M:Losch.LoschScript.Tools.Logging.Log.Write(System.ValueTuple{System.Exception,Losch.LoschScript.Tools.Logging.LogLevel})">
            <summary>
            Writes an exception message to the log.
            </summary>
            <param name="message">The message to write to the log.</param>
        </member>
        <member name="M:Losch.LoschScript.Tools.Logging.Log.Flush">
            <summary>
            Clears all buffers for the current writer and causes any buffered data to be written to the underlying device.
            </summary>
        </member>
        <member name="M:Losch.LoschScript.Tools.Logging.Log.Dispose">
            <summary>
            Releases all resources used by <see cref="P:Losch.LoschScript.Tools.Logging.Log.Logger"/>.
            </summary>
        </member>
        <member name="T:Losch.LoschScript.Tools.Logging.LogLevel">
            <summary>
            Specifies the severity of a log entry.
            </summary>
        </member>
        <member name="F:Losch.LoschScript.Tools.Logging.LogLevel.Debug">
            <summary>
            Debug messages used for internal testing.
            </summary>
        </member>
        <member name="F:Losch.LoschScript.Tools.Logging.LogLevel.Information">
            <summary>
            Used for general information messages.
            </summary>
        </member>
        <member name="F:Losch.LoschScript.Tools.Logging.LogLevel.Warning">
            <summary>
            Used for general unwanted behaviour.
            </summary>
        </member>
        <member name="F:Losch.LoschScript.Tools.Logging.LogLevel.Error">
            <summary>
            Used for recoverable errors.
            </summary>
        </member>
        <member name="F:Losch.LoschScript.Tools.Logging.LogLevel.Critical">
            <summary>
            Used for fatal errors that cause the application to shut down.
            </summary>
        </member>
    </members>
</doc>
